{
  "position": [
    -3.379727840423584,
    -0.5383054614067078,
    -0.13779805600643158
  ],
  "rotation": [
    [
      -0.15426711014610237,
      -0.4693316391951195,
      0.8694420458993185
    ],
    [
      0.4112072568562684,
      0.7696446364661215,
      0.4884216676885606
    ],
    [
      -0.898393149259228,
      0.43286827789681465,
      0.07426172200220493
    ]
  ],
  "fov_x": 1.2543993523969346,
  "fov_y": 0.988577568188049,
  "width": 766,
  "height": 570
}