{
  "position": [
    1.7225403785705566,
    0.5657461285591125,
    -2.3680078983306885
  ],
  "rotation": [
    [
      0.9037805295705633,
      0.29809880010650813,
      -0.30711212894350526
    ],
    [
      -0.17948663100798923,
      0.9153946178989237,
      0.36032935324656157
    ],
    [
      0.38854253777231906,
      -0.2705361323312351,
      0.880820581869374
    ]
  ],
  "fov_x": 1.2543993523969346,
  "fov_y": 0.988577568188049,
  "width": 766,
  "height": 570
}