{
  "position": [
    1.270574688911438,
    2.235866069793701,
    -3.857283592224121
  ],
  "rotation": [
    [
      0.9835705284714462,
      0.028998987660578138,
      -0.17817989290899758
    ],
    [
      -0.07186835572010188,
      0.9683256331300121,
      -0.2391242515293049
    ],
    [
      0.16560179639269954,
      0.24800106237277092,
      0.9545006642708469
    ]
  ],
  "fov_x": 1.2543993523969346,
  "fov_y": 0.988577568188049,
  "width": 766,
  "height": 570
}