{
  "position": [
    -3.1909995079040527,
    1.137491226196289,
    -1.6563900709152222
  ],
  "rotation": [
    [
      0.3453730386943083,
      -0.18906347543283974,
      0.9192238391166299
    ],
    [
      0.39772451524179864,
      0.9166711811351762,
      0.03910441985143201
    ],
    [
      -0.8500192198525489,
      0.3520922435008996,
      0.3917886904286124
    ]
  ],
  "fov_x": 1.2543993523969346,
  "fov_y": 0.988577568188049,
  "width": 766,
  "height": 570
}