{
  "position": [
    -0.13209016621112823,
    -1.255323886871338,
    1.4953668117523193
  ],
  "rotation": [
    [
      -0.9595248686980716,
      -0.21069602124428288,
      0.1868668322142211
    ],
    [
      0.09988656757027524,
      0.3657822753004619,
      0.9253248082133355
    ],
    [
      -0.26331483051468635,
      0.9065376515665778,
      -0.32993148731695277
    ]
  ],
  "fov_x": 1.2543993523969346,
  "fov_y": 0.988577568188049,
  "width": 766,
  "height": 570
}