{
  "position": [
    2.911344528198242,
    1.091254472732544,
    -3.35601806640625
  ],
  "rotation": [
    [
      0.802090681794948,
      0.310412770492828,
      -0.5101906017290815
    ],
    [
      -0.25114198630240037,
      0.950412114889061,
      0.18342441110219557
    ],
    [
      0.541828608412107,
      -0.018992729847738504,
      0.8402743809727453
    ]
  ],
  "fov_x": 1.2543993523969346,
  "fov_y": 0.988577568188049,
  "width": 766,
  "height": 570
}