{
  "position": [
    -3.5537517070770264,
    0.2102576196193695,
    0.30580300092697144
  ],
  "rotation": [
    [
      -0.23664880630470353,
      -0.19616381859200782,
      0.9515866217796263
    ],
    [
      0.40780311572569283,
      0.8689052937238533,
      0.28053557589560973
    ],
    [
      -0.8818695829197063,
      0.45444839840631646,
      -0.12562918413711743
    ]
  ],
  "fov_x": 1.2543993523969346,
  "fov_y": 0.988577568188049,
  "width": 766,
  "height": 570
}