{
  "position": [
    0.30493977665901184,
    0.04753929376602173,
    2.317415237426758
  ],
  "rotation": [
    [
      -0.9773886764676343,
      -0.10458670768290527,
      0.1837743063893797
    ],
    [
      0.06821968412770003,
      0.6666693424339014,
      0.7422250754025134
    ],
    [
      -0.20014357299289903,
      0.7379794092214228,
      -0.644460194080935
    ]
  ],
  "fov_x": 1.2543993523969346,
  "fov_y": 0.988577568188049,
  "width": 766,
  "height": 570
}