{
  "position": [
    -0.2716127038002014,
    1.4190661907196045,
    -4.165124416351318
  ],
  "rotation": [
    [
      0.9784886531891764,
      -0.09869062118131959,
      0.1811632326684328
    ],
    [
      0.08995789823681126,
      0.9943798583080522,
      0.05582359658848145
    ],
    [
      -0.18565433505535753,
      -0.038325692193400485,
      0.981867409171447
    ]
  ],
  "fov_x": 1.2543993523969346,
  "fov_y": 0.988577568188049,
  "width": 766,
  "height": 570
}