{
  "position": [
    -0.5150264501571655,
    -0.9441835284233093,
    0.785589873790741
  ],
  "rotation": [
    [
      -0.8295474391928831,
      -0.4039865473690965,
      0.3855462562045275
    ],
    [
      0.22260533225531604,
      0.39395984011840046,
      0.8917637077305764
    ],
    [
      -0.5121502828077231,
      0.8255849525752521,
      -0.2368788169112812
    ]
  ],
  "fov_x": 1.2543993523969346,
  "fov_y": 0.988577568188049,
  "width": 766,
  "height": 570
}