{
  "position": [
    -2.3282876014709473,
    0.9595189690589905,
    -3.285630226135254
  ],
  "rotation": [
    [
      0.7126031779105556,
      -0.33260657932964427,
      0.6177131811920563
    ],
    [
      0.29874578029849247,
      0.9405195671705463,
      0.16178350510226058
    ],
    [
      -0.634781592034317,
      0.06925176644650544,
      0.7695820445270385
    ]
  ],
  "fov_x": 1.2543993523969346,
  "fov_y": 0.988577568188049,
  "width": 766,
  "height": 570
}