{
  "position": [
    -2.786510467529297,
    -0.3724265694618225,
    1.592456340789795
  ],
  "rotation": [
    [
      -0.5390472017176585,
      -0.17813867441453546,
      0.8232221613867028
    ],
    [
      0.34276977397100705,
      0.8463881534400539,
      0.4075978112897572
    ],
    [
      -0.7693744188444447,
      0.5018901337884297,
      -0.3951826125142722
    ]
  ],
  "fov_x": 1.2543993523969346,
  "fov_y": 0.988577568188049,
  "width": 766,
  "height": 570
}